Link Name,Center of Mass X,Center of Mass Y,Center of Mass Z,Center of Mass Roll,Center of Mass Pitch,Center of Mass Yaw,Mass,Moment Ixx,Moment Ixy,Moment Ixz,Moment Iyy,Moment Iyz,Moment Izz,Visual X,Visual Y,Visual Z,Visual Roll,Visual Pitch,Visual Yaw,Mesh Filename,Color Red,Color Green,Color Blue,Color Alpha,Collision X,Collision Y,Collision Z,Collision Roll,Collision Pitch,Collision Yaw,Collision Mesh Filename,Material Name,SW Components,Coordinate System,Axis Name,Joint Name,Joint Type,Joint Origin X,Joint Origin Y,Joint Origin Z,Joint Origin Roll,Joint Origin Pitch,Joint Origin Yaw,Parent,Joint Axis X,Joint Axis Y,Joint Axis Z,Limit Effort,Limit Velocity,Limit Lower,Limit Upper,Calibration rising,Calibration falling,Dynamics Damping,Dynamics Friction,Safety Soft Upper,Safety Soft Lower,Safety K Position,Safety K Velocity
base_link,-0.007005,-0.057324,0.5622,0,0,0,16.587,0.33575,-0.00045583,-0.0016631,0.47721,-0.0005298,0.26398,0,0,0,0,0,0,package://medibot/meshes/base_link.STL,0.79216,0.81961,0.93333,1,0,0,0,0,0,0,package://medibot/meshes/base_link.STL,,crossbar-1;wheel plate adapter_tri-2;wheel plate adapter_tri-1;120520Aluminium extrusion 80x80-1;gusset 3030-25;gusset 3030-4;gusset 3030-3;gusset 3030-7;gusset 3030-8;caster bracket-1;gusset 3030-24;gusset 3030-20;bracket column-2;bracket column-1;gusset 3030-23;gusset 3030-19;gusset 3030-29;gusset 3030-13;gusset 3030-14;gusset 3030-9;gusset 3030-10;pump mounting bracket-1;pillar bracket-2;gusset 3030-22;gusset 3030-21;gusset 3030-6;gusset 3030-12;gusset 3030-2;frame 3-1;cover upper-1;cover plug power-1;HHSP25-3;HHSP25-4;door knob-2;Electrical compartment-1;cover Interface panel pc-1;Emergency Stop Assembly_R0-1;door knob-1;120520rack medikit-1;120520Sennheiser SP10 -1;120520sonar hrxl-1;120520sonar hrxl-2;120520omron blood pressure monitor-1;120520medikit stensil-1;120520Thermometer-1;120520Stethee pro-1;120520endoscope-1;120520dispenser-1;120520compartment tray-1;120520top cover 2-1;120520UWAN10-80-27-1;120520All in 1 pc-1;120520Tablet-1;120520tablet mount-1;120520Dettol-1;SAJ-100WUW-1,Origin_global,,,,0,0,0,0,0,0,,0,0,0,,,,,,,,,,,,
right_wheel,2.7756E-17,0,-0.1,0,0,0,18.237,0.20771,8.4374E-34,-6.6177E-18,0.20771,3.0093E-34,0.29384,0,0,0,0,0,0,package://medibot/meshes/right_wheel.STL,0.79216,0.81961,0.93333,1,0,0,0,0,0,0,package://medibot/meshes/right_wheel.STL,,wheel-1,Origin_right_wheel_joint,,right_wheel_joint,continuous,-0.189,0.18156,-0.069152,-1.5708,0,-1.5708,base_link,0,0,1,,,,,,,,,,,,
left_wheel,-2.7756E-17,0,0.1,0,0,0,18.237,0.20771,-3.3177E-35,-6.9791E-18,0.20771,-6.8474E-34,0.29384,0,0,0,0,0,0,package://medibot/meshes/left_wheel.STL,0.79216,0.81961,0.93333,1,0,0,0,0,0,0,package://medibot/meshes/left_wheel.STL,,wheel-2,Origin_left_wheel_joint,,left_wheel_joint,continuous,0.189,0.17969,-0.064239,1.5708,0,1.5708,base_link,0,0,1,,,,,,,,,,,,
hokuyo,4.1383E-05,0.029531,-0.00078094,0,0,0,0.13468,7.602E-05,1.0575E-07,3.0743E-07,4.8065E-05,-6.6024E-07,7.233E-05,0,0,0,0,0,0,package://medibot/meshes/hokuyo.STL,0.79216,0.81961,0.93333,1,0,0,0,0,0,0,package://medibot/meshes/hokuyo.STL,,UST-05LN_LA__R1-1,Origin_hokuyo_joint3,,hokuyo_joint,fixed,0,-0.44979,-0.16362,1.5816,0,0,base_link,0,0,0,,,,,,,,,,,,
camera,0.0096149,-0.024482,-8.2525E-05,0,0,0,0.14695,5.1603E-05,7.8246E-07,-4.4646E-07,0.00010094,1.1489E-07,0.00010256,0,0,0,0,0,0,package://medibot/meshes/camera.STL,0.79216,0.81961,0.93333,1,0,0,0,0,0,0,package://medibot/meshes/camera.STL,,ELP-USB8MP02G-MFV Digital Camera-1,Origin_camera_joint,,camera_joint,fixed,0,-0.3575,0.031,-1.5708,0,-1.5708,base_link,0,0,0,,,,,,,,,,,,
